youtubekey,title
gIL4BedD0eg,【#ホロライブスプラ大会】Aチームには勝利の女神がついてる！？
H1D_xTnXvSE,【3D配信！】星街すいせいのヒトカラ覗き見!?配信!【星街すいせい / ホロライブ】
PL3K42NvKgg,【60seconds】世紀末を生き抜く!!!!!
0mNGLyl0jcs,【APEX】練習＋英語コミュニケーションを頑張る
cuS_1OhBiEk,【ARK】サドルもできたしプテラで初遠出！！(企画倒れしなかった)【ホロライブ/星街すいせい】
YtLgQk6SIDo,【ARK】過酷なサドル作り。【ホロライブ/星街すいせい】
nzcYN22wE84,【BAYONETTA】星街、魔女系アイドルになる【ベヨネッタ】
tCpwqhPj6GQ,【Black Rose】あの日の恐怖を再び……【ホラゲー】
4ohX-nRXTxw,【cooking simulator】バーチャル料理マジック🍳
blWHxcYTSg0,【Project Winter】今夜も壮絶なサバイバルが始まる──【#ホロ雪山人狼】
0NNMaqrSul8,【おどるメイドインワリオ】現代の作法を学びます。【ホロライブ / 星街すいせい】
uwRcMjph_nY,【お絵描き配信です。】ホロライバー1期生を描く編 #1💖【クリエイト】
XrdD4sfX920,【お絵描き配信です。】ホロライバー1期生を描く編 #2🦊【クリエイト】
3rvrDfZxsuw,【お絵描き配信です。】ホロライバー1期生を描く編 #3🍎【クリエイト】
ZkPNNDWlFwQ,【お絵描き配信です。】ホロライバー1期生を描く編 #4🏮🌟【クリエイト】
9EDKZZoEugw,【お絵描き配信です。】青空ワンピースを描く編 #1【クリエイト】
OhWCgOTJoPk,【クリエイト】星詠みのロゴつくる！
p7jETLhYz0w,【シャニマス】担当出るまで引き直すガチャ！！！【ホロライブ / 星街すいせい】
qOEwfle_Ut4,【テトリス99】ここがスナイパーと手を取り合う世界線。【ホロライブ/星街すいせい】
zAKWcuORUBs,【デビュー５ヶ月記念】ほしまちすたじお【#05】
IaAHdtPjQXQ,【デビュー８ヶ月記念】ほしまちすたじお【#07】
b7byUCfZV2s,【ほしまちすたじお】オリジナルソングについて語る配信【#11】
I4PqaMrMJYA,【ほしまちすたじお】個人勢卒業します配信【#12】
NGUFujL-u7k,【ホラーゲーム実況】地下鉄怪奇ホラー『FS』プレイする
WY3AebSp4a4,【ぽんこつAPEX】FPSガチ初心者の猛特訓！目指せ1000ダメージ💥【ホロライブ / 星街すいせい】
LS6srVfrxIk,【もじぴったんアンコール】語彙力勝負勃発💥💥💥【ホロライブ / #赤星】
ZgFZZwZyIvo,【中間テスト目前】テスト勉強！～英語編～
FRLSVa_hZj0,【布教会】あんさんぶるスターズを布教する配信【アイドルがアイドルオタクをする】
JuhqSbAo44s,【布教会】デレマスを布教する会【アイドルがアイドルオタクをする】
cGyPdVUaPdI,【歌枠】【ホロライブ / 星街すいせい】
clXusKnSBY0,【歌枠】アカペラでたくさんうたう～！🎵【ホロライブ / 星街すいせい】
U84Pn69RIy0,【歌枠】よく眠れるかもしれない歌枠【ホロライブ / 星街すいせい】
1Ve3yckuOnc,【生配信アーカイブ】ほしまちすたじお【#1】
v1IF7p3j7X0,【生配信アーカイブ】ほしまちすたじお【#2】
Z9N_fxpLn1Y,【第五人格 / identityⅤ】B(仮)バッジ持ち復讐者の実力見せてやる【ホロライブ/星街すいせい】
eLZEIlPK1q4,【重大告知アリ】ほしまちすたじお【#4】
hvus2s-2WxI,【限界の反応】あんスタアニメ第一話同時視聴会🌟【#Vあんスタ部】
a_Hta4n3jio,【雑談】INNK EXHiBiTiONアフタートーク！
8CZ4X7eCRtI,【雑談】しゃべるだけ配信☄
eIp71PY7Ya8,【雑談】しゃべるだけ配信☄
geMh53mD0vU,【雑談】しゃべるだけ配信☄
zCnKUvJcJjc,【雑談】ホロカラ女子会振り返り雑談配信🎤
yG73rXEBBHk,【雑談】星街復活祭!!!!!☄【お待たせ！】
RJNaQSQi5go,10分でわかる精神病棟で暴れまくるアイドルのOUTLAST【ホロライブ / 星街すいせい】
idkO8oeIvlM,10分で分かるｻｲｺｱｲﾄﾞﾙ(?)のPROJECT WINTER【ホロライブ / 星街すいせい】
j7BsBTtDYXc,10分で分かるテト戦士アイドルのテトリスまとめ【ホロライブ / 星街すいせい】
N4Op5gpV2AU,ショート歌枠🎶【ホロライブ / 星街すいせい】
K1A2169xb68,ほしまちすたじお【#3】
TIO3rSvOa9I,ホロライバーを勝手に属性分け！？【勝手にプロデュース】
AYaf_54iAqY,ホロライブ共通衣装を勝手に考案します！【勝手にプロデュース】
2pIu_xCdPEg,メンバーシップ解禁！！スタンプ考案会！！【クリエイト】
